scenario_id,scenario_category,timestamp_offset_s,message_type,criticality,criticality_rank,latency_budget_ms,observed_packet_rate_hz,replay_attempt_count,auth_failure_count,integrity_failure_count,aad_tamper_count,transcript_anomaly_count,routing_error_count,channel_bit_error_rate,prior_security_events_window,anomaly_score_raw,threat_level,threat_level_numeric,threat_score,confidence,recommended_min_assurance
SCN-00001,NORMAL_TELEMETRY,715.82,AIRCRAFT_STATUS,ROUTINE,1,2000.0,18.47,0,0,0,0,0,0,6e-06,0,2.62,NORMAL,0,7.58,0.854,STANDARD
SCN-00002,NORMAL_TELEMETRY,348.18,ALTITUDE,CRITICAL,3,3000.0,37.41,0,0,0,0,0,0,3.1e-05,0,11.49,NORMAL,0,5.05,0.863,STANDARD
SCN-00003,NORMAL_TELEMETRY,2536.46,FLIGHT_CONTROL,IMPORTANT,2,2000.0,49.39,0,0,0,0,0,0,0.000166,0,7.42,NORMAL,0,12.93,0.931,STANDARD
SCN-00004,NORMAL_TELEMETRY,961.12,ALTITUDE,ROUTINE,1,2000.0,59.19,0,0,0,0,0,0,0.000127,0,4.38,NORMAL,0,5.55,0.879,STANDARD
SCN-00005,NORMAL_TELEMETRY,3034.27,FLIGHT_CONTROL,ROUTINE,1,1000.0,34.38,0,0,0,0,0,0,0.000198,0,7.68,NORMAL,0,8.35,0.946,STANDARD
SCN-00006,NORMAL_TELEMETRY,514.34,ALTITUDE,ROUTINE,1,500.0,49.28,0,0,0,0,0,0,4.3e-05,0,5.99,NORMAL,0,13.27,0.94,STANDARD
SCN-00007,NORMAL_TELEMETRY,2258.81,ALTITUDE,ROUTINE,1,2000.0,46.09,0,0,0,0,0,0,0.000102,0,1.09,NORMAL,0,0.71,0.865,STANDARD
SCN-00008,NORMAL_TELEMETRY,11.68,FLIGHT_CONTROL,CRITICAL,3,200.0,26.16,0,0,0,0,0,0,0.000154,0,4.08,NORMAL,0,4.4,0.872,STANDARD
SCN-00009,NORMAL_TELEMETRY,2.06,FLIGHT_CONTROL,IMPORTANT,2,1000.0,32.92,0,0,0,0,0,0,0.000153,0,6.47,NORMAL,0,11.68,0.924,STANDARD
SCN-00010,NORMAL_TELEMETRY,249.17,NAVIGATION_UPDATE,IMPORTANT,2,500.0,11.15,0,0,0,0,0,0,0.000176,0,11.36,NORMAL,0,1.28,0.918,STANDARD
SCN-00011,NORMAL_TELEMETRY,3238.61,ALTITUDE,ROUTINE,1,5000.0,57.08,0,0,0,0,0,0,0.000143,0,4.79,NORMAL,0,10.08,0.902,STANDARD
SCN-00012,NORMAL_TELEMETRY,3094.69,AIRCRAFT_STATUS,CRITICAL,3,500.0,17.36,0,0,0,0,0,0,1.4e-05,0,7.57,NORMAL,0,3.43,0.977,STANDARD
SCN-00013,NORMAL_TELEMETRY,1551.78,FLIGHT_CONTROL,ROUTINE,1,1000.0,20.32,0,0,0,0,0,0,0.000157,0,9.69,NORMAL,0,2.86,0.864,STANDARD
SCN-00014,NORMAL_TELEMETRY,504.66,NAVIGATION_UPDATE,CRITICAL,3,3000.0,52.51,0,0,0,0,0,0,0.00016,0,1.31,NORMAL,0,2.87,0.925,STANDARD
SCN-00015,NORMAL_TELEMETRY,1748.31,HEADING,ROUTINE,1,5000.0,18.74,0,0,0,0,0,0,0.000194,0,11.12,NORMAL,0,12.73,0.873,STANDARD
SCN-00016,NORMAL_TELEMETRY,2586.27,NAVIGATION_UPDATE,ROUTINE,1,500.0,14.06,0,0,0,0,0,0,8.5e-05,0,11.49,NORMAL,0,14.93,0.928,STANDARD
SCN-00017,NORMAL_TELEMETRY,3458.8,ALTITUDE,ROUTINE,1,2000.0,16.97,0,0,0,0,0,0,0.000117,0,6.03,NORMAL,0,12.79,0.872,STANDARD
SCN-00018,NORMAL_TELEMETRY,3364.94,ALTITUDE,ROUTINE,1,500.0,37.73,0,0,0,0,0,0,0.000124,0,5.03,NORMAL,0,8.76,0.923,STANDARD
SCN-00019,NORMAL_TELEMETRY,1935.48,HEADING,ROUTINE,1,1000.0,19.61,0,0,0,0,0,0,2e-06,0,7.45,NORMAL,0,8.44,0.864,STANDARD
SCN-00020,NORMAL_TELEMETRY,2354.31,ALTITUDE,IMPORTANT,2,2000.0,53.45,0,0,0,0,0,0,0.000167,0,8.44,NORMAL,0,9.18,0.988,STANDARD
SCN-00021,LOW_REPLAY_PROBE,732.95,FLIGHT_CONTROL,ROUTINE,1,2000.0,56.25,1,0,0,0,0,0,0.000397,4,26.9,ELEVATED,1,30.89,0.95,BALANCED
SCN-00022,LOW_REPLAY_PROBE,1986.05,HEADING,CRITICAL,3,5000.0,31.87,1,0,0,0,0,0,0.000101,4,33.47,ELEVATED,1,24.72,0.954,BALANCED
SCN-00023,LOW_REPLAY_PROBE,3098.53,FLIGHT_CONTROL,IMPORTANT,2,500.0,11.15,3,0,0,0,0,0,0.000272,1,27.55,ELEVATED,1,36.18,0.961,BALANCED
SCN-00024,LOW_REPLAY_PROBE,1195.87,ALTITUDE,IMPORTANT,2,1000.0,41.68,2,1,0,0,0,0,0.00049,5,37.87,ELEVATED,1,20.45,0.953,BALANCED
SCN-00025,LOW_REPLAY_PROBE,802.52,ALTITUDE,IMPORTANT,2,2000.0,13.76,3,0,0,0,0,0,0.000189,14,28.29,ELEVATED,1,34.77,0.972,BALANCED
SCN-00026,LOW_REPLAY_PROBE,3540.78,ALTITUDE,CRITICAL,3,3000.0,23.05,1,1,0,0,0,0,0.000476,3,37.79,ELEVATED,1,24.7,0.931,BALANCED
SCN-00027,LOW_REPLAY_PROBE,2589.95,AIRCRAFT_STATUS,ROUTINE,1,5000.0,24.01,2,1,0,0,0,0,0.000202,13,22.03,ELEVATED,1,36.66,0.925,BALANCED
SCN-00028,LOW_REPLAY_PROBE,690.62,ALTITUDE,CRITICAL,3,1000.0,28.72,3,1,0,0,0,0,0.000303,13,27.87,ELEVATED,1,32.55,0.928,BALANCED
SCN-00029,LOW_REPLAY_PROBE,1703.47,NAVIGATION_UPDATE,CRITICAL,3,500.0,38.85,2,1,0,0,0,0,0.000184,10,30.37,ELEVATED,1,27.96,0.88,BALANCED
SCN-00030,LOW_REPLAY_PROBE,2200.59,ALTITUDE,CRITICAL,3,200.0,20.61,3,1,0,0,0,0,0.00019,6,24.65,ELEVATED,1,20.83,0.988,BALANCED
SCN-00031,LOW_REPLAY_PROBE,2802.31,NAVIGATION_UPDATE,ROUTINE,1,5000.0,53.74,3,0,0,0,0,0,0.000198,0,38.07,ELEVATED,1,35.49,0.974,BALANCED
SCN-00032,LOW_REPLAY_PROBE,2589.39,ALTITUDE,ROUTINE,1,5000.0,7.76,1,0,0,0,0,0,0.000367,10,39.1,ELEVATED,1,36.05,0.936,BALANCED
SCN-00033,LOW_REPLAY_PROBE,988.55,NAVIGATION_UPDATE,CRITICAL,3,5000.0,29.53,1,1,0,0,0,0,0.000436,8,35.78,ELEVATED,1,29.38,0.938,BALANCED
SCN-00034,LOW_REPLAY_PROBE,1953.4,HEADING,ROUTINE,1,1000.0,19.94,2,0,0,0,0,0,0.000253,4,34.72,ELEVATED,1,21.16,0.907,BALANCED
SCN-00035,LOW_REPLAY_PROBE,1508.48,AIRCRAFT_STATUS,IMPORTANT,2,1000.0,50.81,2,0,0,0,0,0,0.000477,9,35.56,ELEVATED,1,35.36,0.983,BALANCED
SCN-00036,LOW_REPLAY_PROBE,3025.82,FLIGHT_CONTROL,CRITICAL,3,5000.0,54.38,2,0,0,0,0,0,0.000112,10,34.04,ELEVATED,1,34.37,0.951,BALANCED
SCN-00037,LOW_REPLAY_PROBE,1176.64,FLIGHT_CONTROL,ROUTINE,1,500.0,54.88,3,0,0,0,0,0,0.000447,5,22.91,ELEVATED,1,26.82,0.88,BALANCED
SCN-00038,LOW_REPLAY_PROBE,3418.6,HEADING,IMPORTANT,2,5000.0,18.87,1,1,0,0,0,0,0.00019,2,36.06,ELEVATED,1,31.73,0.956,BALANCED
SCN-00039,LOW_REPLAY_PROBE,2800.05,AIRCRAFT_STATUS,ROUTINE,1,1000.0,18.12,2,0,0,0,0,0,0.000407,5,32.91,ELEVATED,1,37.35,0.951,BALANCED
SCN-00040,LOW_REPLAY_PROBE,2161.48,HEADING,ROUTINE,1,500.0,36.83,2,1,0,0,0,0,0.000337,7,23.83,ELEVATED,1,33.9,0.969,BALANCED
SCN-00041,AUTH_FAILURE_PROBE,2983.35,FLIGHT_CONTROL,ROUTINE,1,500.0,24.1,1,4,0,1,0,0,0.000695,15,30.11,ELEVATED,1,44.22,0.939,BALANCED
SCN-00042,AUTH_FAILURE_PROBE,877.91,ALTITUDE,CRITICAL,3,3000.0,14.69,1,5,0,1,1,0,0.000326,7,44.61,ELEVATED,1,26.73,0.973,BALANCED
SCN-00043,AUTH_FAILURE_PROBE,994.57,FLIGHT_CONTROL,IMPORTANT,2,5000.0,23.5,1,4,0,1,0,0,0.000348,8,34.81,ELEVATED,1,42.61,0.948,BALANCED
SCN-00044,AUTH_FAILURE_PROBE,1102.34,FLIGHT_CONTROL,ROUTINE,1,1000.0,9.71,1,5,0,1,1,0,0.000414,0,29.86,ELEVATED,1,29.43,0.947,BALANCED
SCN-00045,AUTH_FAILURE_PROBE,2674.37,HEADING,CRITICAL,3,3000.0,35.44,1,5,0,1,1,0,0.00029,8,32.61,ELEVATED,1,39.43,0.894,BALANCED
SCN-00046,AUTH_FAILURE_PROBE,987.52,ALTITUDE,CRITICAL,3,500.0,16.9,1,4,0,0,0,0,0.000307,11,31.59,ELEVATED,1,25.28,0.925,BALANCED
SCN-00047,AUTH_FAILURE_PROBE,3102.2,FLIGHT_CONTROL,ROUTINE,1,2000.0,43.36,0,5,0,0,1,0,0.000429,14,34.81,ELEVATED,1,44.31,0.885,BALANCED
SCN-00048,AUTH_FAILURE_PROBE,2226.31,AIRCRAFT_STATUS,ROUTINE,1,5000.0,32.05,0,3,0,1,0,0,0.000796,3,39.16,ELEVATED,1,33.32,0.933,BALANCED
SCN-00049,AUTH_FAILURE_PROBE,863.51,NAVIGATION_UPDATE,CRITICAL,3,3000.0,54.97,1,5,0,0,0,0,0.000763,6,40.51,ELEVATED,1,30.29,0.861,BALANCED
SCN-00050,AUTH_FAILURE_PROBE,3326.08,AIRCRAFT_STATUS,CRITICAL,3,500.0,5.15,1,5,0,0,0,0,0.000302,9,42.06,ELEVATED,1,34.08,0.946,BALANCED
SCN-00051,AUTH_FAILURE_PROBE,1580.95,FLIGHT_CONTROL,CRITICAL,3,500.0,28.38,0,3,0,0,0,0,0.000142,9,39.9,ELEVATED,1,41.48,0.979,BALANCED
SCN-00052,AUTH_FAILURE_PROBE,3097.86,HEADING,IMPORTANT,2,5000.0,56.85,1,5,0,0,1,0,0.000614,8,28.52,ELEVATED,1,29.58,0.944,BALANCED
SCN-00053,AUTH_FAILURE_PROBE,1252.66,AIRCRAFT_STATUS,CRITICAL,3,1000.0,36.69,0,5,0,1,0,0,0.000798,13,40.7,ELEVATED,1,34.83,0.863,BALANCED
SCN-00054,AUTH_FAILURE_PROBE,3492.67,HEADING,IMPORTANT,2,500.0,52.18,1,5,0,1,1,0,0.000669,1,37.1,ELEVATED,1,31.29,0.895,BALANCED
SCN-00055,AUTH_FAILURE_PROBE,1977.19,FLIGHT_CONTROL,IMPORTANT,2,500.0,41.17,1,5,0,0,1,0,0.000536,15,40.51,ELEVATED,1,40.2,0.878,BALANCED
SCN-00056,AUTH_FAILURE_PROBE,1794.15,NAVIGATION_UPDATE,IMPORTANT,2,5000.0,11.68,0,3,0,0,1,0,0.000165,3,37.23,ELEVATED,1,27.35,0.967,BALANCED
SCN-00057,AUTH_FAILURE_PROBE,491.43,HEADING,CRITICAL,3,5000.0,43.8,1,5,0,0,1,0,0.000486,12,31.81,ELEVATED,1,36.99,0.954,BALANCED
SCN-00058,AUTH_FAILURE_PROBE,1956.35,HEADING,ROUTINE,1,5000.0,23.69,1,2,0,1,1,0,0.000706,14,38.77,ELEVATED,1,31.9,0.927,BALANCED
SCN-00059,AUTH_FAILURE_PROBE,2389.28,HEADING,IMPORTANT,2,1000.0,58.94,0,5,0,1,0,0,0.000323,15,42.1,ELEVATED,1,41.23,0.904,BALANCED
SCN-00060,AUTH_FAILURE_PROBE,3491.84,ALTITUDE,CRITICAL,3,3000.0,58.07,0,4,0,1,0,0,0.000468,14,28.31,ELEVATED,1,27.88,0.972,BALANCED
SCN-00061,INTEGRITY_TAMPERING,1756.61,NAVIGATION_UPDATE,IMPORTANT,2,2000.0,23.62,2,2,8,1,1,2,0.004437,12,69.17,HIGH,2,61.28,0.974,HIGH_ASSURANCE
SCN-00062,INTEGRITY_TAMPERING,165.57,FLIGHT_CONTROL,IMPORTANT,2,500.0,17.91,2,2,4,1,1,0,0.004041,3,59.99,HIGH,2,62.49,0.976,HIGH_ASSURANCE
SCN-00063,INTEGRITY_TAMPERING,2459.28,HEADING,IMPORTANT,2,2000.0,25.62,0,1,7,4,2,2,0.00417,5,55.15,HIGH,2,60.97,0.904,HIGH_ASSURANCE
SCN-00064,INTEGRITY_TAMPERING,1590.23,FLIGHT_CONTROL,ROUTINE,1,1000.0,17.77,2,2,6,3,2,0,0.004596,14,68.22,HIGH,2,62.2,0.872,HIGH_ASSURANCE
SCN-00065,INTEGRITY_TAMPERING,1065.14,FLIGHT_CONTROL,SAFETY_CRITICAL,4,500.0,40.14,1,3,5,4,1,0,0.004997,15,53.92,HIGH,2,56.86,0.9,HIGH_ASSURANCE
SCN-00066,INTEGRITY_TAMPERING,788.42,AIRCRAFT_STATUS,SAFETY_CRITICAL,4,5000.0,26.77,0,3,8,1,2,2,0.002987,9,65.96,HIGH,2,54.14,0.962,HIGH_ASSURANCE
SCN-00067,INTEGRITY_TAMPERING,2636.5,FLIGHT_CONTROL,CRITICAL,3,1000.0,42.28,2,3,8,2,2,0,0.004614,1,57.56,HIGH,2,57.93,0.931,HIGH_ASSURANCE
SCN-00068,INTEGRITY_TAMPERING,2903.36,HEADING,IMPORTANT,2,2000.0,46.11,0,1,4,3,2,2,0.004654,5,56.63,HIGH,2,64.84,0.917,HIGH_ASSURANCE
SCN-00069,INTEGRITY_TAMPERING,2422.18,AIRCRAFT_STATUS,SAFETY_CRITICAL,4,1000.0,57.96,0,1,8,4,2,1,0.001361,12,52.25,HIGH,2,59.66,0.914,HIGH_ASSURANCE
SCN-00070,INTEGRITY_TAMPERING,2965.88,FLIGHT_CONTROL,SAFETY_CRITICAL,4,1000.0,50.23,1,1,8,2,1,0,0.003478,10,68.47,HIGH,2,53.98,0.859,HIGH_ASSURANCE
SCN-00071,INTEGRITY_TAMPERING,2507.34,NAVIGATION_UPDATE,SAFETY_CRITICAL,4,50.0,12.69,0,2,6,1,0,0,0.004549,4,59.0,HIGH,2,56.68,0.983,HIGH_ASSURANCE
SCN-00072,INTEGRITY_TAMPERING,357.68,FLIGHT_CONTROL,ROUTINE,1,1000.0,53.7,2,1,6,4,1,0,0.003761,6,59.98,HIGH,2,67.11,0.97,HIGH_ASSURANCE
SCN-00073,INTEGRITY_TAMPERING,2833.12,FLIGHT_CONTROL,SAFETY_CRITICAL,4,5000.0,24.73,1,2,4,1,1,0,0.003651,0,52.91,HIGH,2,56.0,0.988,HIGH_ASSURANCE
SCN-00074,INTEGRITY_TAMPERING,395.73,AIRCRAFT_STATUS,CRITICAL,3,5000.0,16.39,0,1,5,2,2,0,0.002109,4,69.78,HIGH,2,59.72,0.962,HIGH_ASSURANCE
SCN-00075,INTEGRITY_TAMPERING,2800.86,ALTITUDE,IMPORTANT,2,500.0,24.7,0,3,5,1,0,1,0.00121,13,61.47,HIGH,2,63.42,0.917,HIGH_ASSURANCE
SCN-00076,INTEGRITY_TAMPERING,388.66,NAVIGATION_UPDATE,IMPORTANT,2,1000.0,57.0,0,3,8,3,1,2,0.004856,1,69.97,HIGH,2,65.25,0.91,HIGH_ASSURANCE
SCN-00077,INTEGRITY_TAMPERING,1819.98,AIRCRAFT_STATUS,ROUTINE,1,500.0,22.72,0,1,4,3,2,2,0.003341,10,58.86,HIGH,2,60.75,0.891,HIGH_ASSURANCE
SCN-00078,INTEGRITY_TAMPERING,342.31,AIRCRAFT_STATUS,ROUTINE,1,500.0,51.9,2,3,8,2,1,1,0.004552,13,58.1,HIGH,2,58.16,0.908,HIGH_ASSURANCE
SCN-00079,INTEGRITY_TAMPERING,215.93,HEADING,ROUTINE,1,2000.0,25.59,0,3,6,1,0,0,0.001373,3,65.4,HIGH,2,56.71,0.868,HIGH_ASSURANCE
SCN-00080,INTEGRITY_TAMPERING,807.28,AIRCRAFT_STATUS,SAFETY_CRITICAL,4,1000.0,24.45,2,2,8,1,1,2,0.00225,3,62.4,HIGH,2,53.83,0.942,HIGH_ASSURANCE
SCN-00081,AAD_METADATA_SPOOFING,104.23,HEADING,IMPORTANT,2,2000.0,11.32,2,2,5,10,3,2,0.002763,0,68.35,HIGH,2,66.18,0.947,HIGH_ASSURANCE
SCN-00082,AAD_METADATA_SPOOFING,1633.12,HEADING,SAFETY_CRITICAL,4,500.0,24.31,1,2,5,4,1,2,0.002826,0,59.56,HIGH,2,64.02,0.903,HIGH_ASSURANCE
SCN-00083,AAD_METADATA_SPOOFING,1591.36,HEADING,CRITICAL,3,1000.0,44.69,3,1,2,5,1,2,0.000959,2,62.63,HIGH,2,66.25,0.918,HIGH_ASSURANCE
SCN-00084,AAD_METADATA_SPOOFING,27.67,ALTITUDE,SAFETY_CRITICAL,4,3000.0,11.26,2,1,4,9,3,2,0.002357,9,58.77,HIGH,2,61.72,0.934,HIGH_ASSURANCE
SCN-00085,AAD_METADATA_SPOOFING,3000.08,ALTITUDE,SAFETY_CRITICAL,4,100.0,47.03,2,3,2,4,2,2,0.002178,4,64.46,HIGH,2,66.96,0.92,HIGH_ASSURANCE
SCN-00086,AAD_METADATA_SPOOFING,75.08,AIRCRAFT_STATUS,SAFETY_CRITICAL,4,1000.0,52.4,1,4,2,7,1,1,0.002642,12,70.06,HIGH,2,62.1,0.866,HIGH_ASSURANCE
SCN-00087,AAD_METADATA_SPOOFING,1222.25,ALTITUDE,SAFETY_CRITICAL,4,3000.0,30.31,3,3,2,7,1,0,0.002194,12,66.91,HIGH,2,61.73,0.893,HIGH_ASSURANCE
SCN-00088,AAD_METADATA_SPOOFING,550.33,ALTITUDE,SAFETY_CRITICAL,4,50.0,33.08,1,2,4,6,3,2,0.003408,7,59.75,HIGH,2,59.35,0.874,HIGH_ASSURANCE
SCN-00089,AAD_METADATA_SPOOFING,2129.11,ALTITUDE,IMPORTANT,2,5000.0,30.52,3,4,4,10,3,1,0.001283,2,65.97,HIGH,2,65.73,0.961,HIGH_ASSURANCE
SCN-00090,AAD_METADATA_SPOOFING,1995.54,FLIGHT_CONTROL,SAFETY_CRITICAL,4,50.0,22.07,2,1,2,6,2,0,0.002863,2,68.46,HIGH,2,63.62,0.915,HIGH_ASSURANCE
SCN-00091,AAD_METADATA_SPOOFING,1575.93,NAVIGATION_UPDATE,IMPORTANT,2,1000.0,22.68,2,2,2,7,1,1,0.003944,2,66.58,HIGH,2,57.93,0.885,HIGH_ASSURANCE
SCN-00092,AAD_METADATA_SPOOFING,1022.93,FLIGHT_CONTROL,ROUTINE,1,1000.0,25.01,2,4,5,10,2,2,0.002713,10,59.12,HIGH,2,56.61,0.945,HIGH_ASSURANCE
SCN-00093,AAD_METADATA_SPOOFING,2927.47,HEADING,CRITICAL,3,200.0,37.05,1,3,4,9,3,2,0.002054,2,63.26,HIGH,2,61.4,0.961,HIGH_ASSURANCE
SCN-00094,AAD_METADATA_SPOOFING,1827.68,NAVIGATION_UPDATE,IMPORTANT,2,2000.0,6.0,2,2,3,6,2,0,0.001525,4,60.63,HIGH,2,60.03,0.96,HIGH_ASSURANCE
SCN-00095,AAD_METADATA_SPOOFING,2590.51,HEADING,IMPORTANT,2,1000.0,37.85,1,2,3,10,3,2,0.003389,5,70.26,HIGH,2,55.74,0.901,HIGH_ASSURANCE
SCN-00096,AAD_METADATA_SPOOFING,1898.86,FLIGHT_CONTROL,ROUTINE,1,2000.0,46.38,2,2,3,6,2,0,0.001977,14,65.85,HIGH,2,59.79,0.903,HIGH_ASSURANCE
SCN-00097,AAD_METADATA_SPOOFING,3259.1,ALTITUDE,CRITICAL,3,5000.0,12.61,2,1,5,10,2,2,0.00379,3,62.85,HIGH,2,67.97,0.888,HIGH_ASSURANCE
SCN-00098,AAD_METADATA_SPOOFING,101.48,NAVIGATION_UPDATE,CRITICAL,3,200.0,57.05,1,4,4,4,2,0,0.002069,11,62.01,HIGH,2,71.91,0.902,HIGH_ASSURANCE
SCN-00099,AAD_METADATA_SPOOFING,538.27,HEADING,IMPORTANT,2,1000.0,12.57,2,4,3,10,3,1,0.002236,0,73.4,HIGH,2,55.32,0.88,HIGH_ASSURANCE
SCN-00100,AAD_METADATA_SPOOFING,2275.04,AIRCRAFT_STATUS,ROUTINE,1,2000.0,18.07,1,1,3,7,3,2,0.002263,3,72.22,HIGH,2,63.5,0.925,HIGH_ASSURANCE
SCN-00101,MULTI_VECTOR_CONCURRENT,1958.7,ALTITUDE,CRITICAL,3,1000.0,28.61,7,5,5,7,3,0,0.005986,2,72.85,HIGH,2,67.77,0.983,HIGH_ASSURANCE
SCN-00102,MULTI_VECTOR_CONCURRENT,159.61,NAVIGATION_UPDATE,IMPORTANT,2,5000.0,7.39,6,5,6,3,3,0,0.004069,3,76.57,HIGH,2,73.76,0.897,HIGH_ASSURANCE
SCN-00103,MULTI_VECTOR_CONCURRENT,3360.14,ALTITUDE,SAFETY_CRITICAL,4,5000.0,30.55,6,4,5,3,4,1,0.002222,6,65.66,HIGH,2,65.19,0.856,HIGH_ASSURANCE
SCN-00104,MULTI_VECTOR_CONCURRENT,3443.32,FLIGHT_CONTROL,ROUTINE,1,5000.0,18.93,4,5,6,3,4,1,0.003639,11,71.55,HIGH,2,68.4,0.912,HIGH_ASSURANCE
SCN-00105,MULTI_VECTOR_CONCURRENT,2379.31,ALTITUDE,SAFETY_CRITICAL,4,1000.0,43.06,5,5,4,6,2,1,0.005615,5,73.18,HIGH,2,67.14,0.861,HIGH_ASSURANCE
SCN-00106,MULTI_VECTOR_CONCURRENT,2849.32,NAVIGATION_UPDATE,SAFETY_CRITICAL,4,3000.0,44.47,4,6,6,6,2,2,0.00722,11,74.22,HIGH,2,68.96,0.94,HIGH_ASSURANCE
SCN-00107,MULTI_VECTOR_CONCURRENT,3418.08,AIRCRAFT_STATUS,IMPORTANT,2,5000.0,24.98,4,3,5,7,4,1,0.002209,2,68.54,HIGH,2,72.32,0.901,HIGH_ASSURANCE
SCN-00108,MULTI_VECTOR_CONCURRENT,93.29,FLIGHT_CONTROL,IMPORTANT,2,1000.0,42.35,5,5,7,3,4,0,0.005177,12,69.72,HIGH,2,66.46,0.984,HIGH_ASSURANCE
SCN-00109,MULTI_VECTOR_CONCURRENT,488.62,NAVIGATION_UPDATE,CRITICAL,3,5000.0,26.28,7,3,6,5,4,1,0.003287,9,75.41,HIGH,2,77.98,0.878,HIGH_ASSURANCE
SCN-00110,MULTI_VECTOR_CONCURRENT,3338.37,NAVIGATION_UPDATE,IMPORTANT,2,1000.0,54.43,6,3,9,5,4,1,0.006257,9,78.37,HIGH,2,75.62,0.95,HIGH_ASSURANCE
SCN-00111,MULTI_VECTOR_CONCURRENT,3183.29,HEADING,CRITICAL,3,5000.0,17.33,4,4,5,6,2,1,0.005324,11,72.01,HIGH,2,77.73,0.868,HIGH_ASSURANCE
SCN-00112,MULTI_VECTOR_CONCURRENT,3160.66,HEADING,IMPORTANT,2,5000.0,59.98,6,6,7,7,2,0,0.007834,2,71.75,HIGH,2,72.88,0.898,HIGH_ASSURANCE
SCN-00113,MULTI_VECTOR_CONCURRENT,3045.36,ALTITUDE,CRITICAL,3,3000.0,32.66,3,3,8,4,3,0,0.002972,7,70.19,HIGH,2,77.05,0.975,HIGH_ASSURANCE
SCN-00114,MULTI_VECTOR_CONCURRENT,2248.13,ALTITUDE,SAFETY_CRITICAL,4,5000.0,57.6,5,4,9,5,4,2,0.002561,5,73.88,HIGH,2,71.29,0.874,HIGH_ASSURANCE
SCN-00115,MULTI_VECTOR_CONCURRENT,1964.08,FLIGHT_CONTROL,SAFETY_CRITICAL,4,50.0,50.39,3,3,4,7,3,2,0.003265,13,74.27,HIGH,2,62.48,0.974,HIGH_ASSURANCE
SCN-00116,MULTI_VECTOR_CONCURRENT,1125.3,NAVIGATION_UPDATE,SAFETY_CRITICAL,4,100.0,49.26,6,5,7,3,4,0,0.002948,13,72.26,HIGH,2,65.26,0.935,HIGH_ASSURANCE
SCN-00117,MULTI_VECTOR_CONCURRENT,3110.99,HEADING,SAFETY_CRITICAL,4,1000.0,12.19,5,3,6,4,3,0,0.003605,7,67.11,HIGH,2,62.81,0.982,HIGH_ASSURANCE
SCN-00118,MULTI_VECTOR_CONCURRENT,1646.03,ALTITUDE,ROUTINE,1,1000.0,49.74,7,5,5,4,3,2,0.004801,9,72.46,HIGH,2,63.44,0.905,HIGH_ASSURANCE
SCN-00119,MULTI_VECTOR_CONCURRENT,2619.03,ALTITUDE,CRITICAL,3,5000.0,24.41,3,5,7,7,4,2,0.004824,0,77.71,HIGH,2,68.89,0.974,HIGH_ASSURANCE
SCN-00120,MULTI_VECTOR_CONCURRENT,2449.44,HEADING,ROUTINE,1,500.0,27.03,7,4,6,7,3,0,0.004318,14,76.47,HIGH,2,66.48,0.988,HIGH_ASSURANCE
SCN-00121,QUANTUM_SIGNATURE_PROBE,1705.48,ALTITUDE,IMPORTANT,2,500.0,26.66,1,8,2,1,4,2,0.001773,1,62.72,HIGH,2,62.06,0.897,HIGH_ASSURANCE
SCN-00122,QUANTUM_SIGNATURE_PROBE,1326.09,ALTITUDE,ROUTINE,1,1000.0,23.04,2,6,1,2,5,2,0.001341,15,73.34,HIGH,2,64.5,0.964,HIGH_ASSURANCE
SCN-00123,QUANTUM_SIGNATURE_PROBE,2264.49,NAVIGATION_UPDATE,IMPORTANT,2,2000.0,48.82,2,4,3,2,5,2,0.002457,7,73.54,HIGH,2,68.75,0.874,HIGH_ASSURANCE
SCN-00124,QUANTUM_SIGNATURE_PROBE,3313.88,ALTITUDE,ROUTINE,1,1000.0,6.74,2,4,1,1,6,1,0.001547,13,73.05,HIGH,2,66.16,0.958,HIGH_ASSURANCE
SCN-00125,QUANTUM_SIGNATURE_PROBE,2450.69,ALTITUDE,IMPORTANT,2,1000.0,35.85,2,7,3,2,5,0,0.001649,10,70.74,HIGH,2,70.14,0.971,HIGH_ASSURANCE
SCN-00126,QUANTUM_SIGNATURE_PROBE,2017.76,FLIGHT_CONTROL,SAFETY_CRITICAL,4,1000.0,15.57,0,6,3,2,4,1,0.002428,6,73.04,HIGH,2,67.34,0.917,HIGH_ASSURANCE
SCN-00127,QUANTUM_SIGNATURE_PROBE,1724.69,HEADING,SAFETY_CRITICAL,4,50.0,36.54,2,7,2,2,4,1,0.000605,2,67.54,HIGH,2,66.64,0.886,HIGH_ASSURANCE
SCN-00128,QUANTUM_SIGNATURE_PROBE,2582.49,FLIGHT_CONTROL,CRITICAL,3,1000.0,56.32,2,6,1,1,4,0,0.000627,7,72.21,HIGH,2,60.79,0.908,HIGH_ASSURANCE
SCN-00129,QUANTUM_SIGNATURE_PROBE,322.06,ALTITUDE,IMPORTANT,2,500.0,58.05,0,7,3,2,6,2,0.000999,9,67.14,HIGH,2,69.69,0.977,HIGH_ASSURANCE
SCN-00130,QUANTUM_SIGNATURE_PROBE,386.28,FLIGHT_CONTROL,CRITICAL,3,200.0,55.23,0,7,1,1,6,1,0.000966,9,76.03,HIGH,2,60.14,0.93,HIGH_ASSURANCE
SCN-00131,QUANTUM_SIGNATURE_PROBE,2586.95,HEADING,SAFETY_CRITICAL,4,1000.0,59.4,2,8,2,1,6,1,0.000982,3,67.29,HIGH,2,70.97,0.941,HIGH_ASSURANCE
SCN-00132,QUANTUM_SIGNATURE_PROBE,1718.83,HEADING,IMPORTANT,2,2000.0,36.23,0,5,3,3,6,1,0.001788,2,68.41,HIGH,2,61.43,0.987,HIGH_ASSURANCE
SCN-00133,QUANTUM_SIGNATURE_PROBE,1459.5,AIRCRAFT_STATUS,CRITICAL,3,1000.0,26.1,1,6,2,2,3,1,0.002134,7,62.99,HIGH,2,61.77,0.893,HIGH_ASSURANCE
SCN-00134,QUANTUM_SIGNATURE_PROBE,1977.24,AIRCRAFT_STATUS,SAFETY_CRITICAL,4,5000.0,55.39,1,6,3,1,4,0,0.001695,14,73.96,HIGH,2,69.09,0.908,HIGH_ASSURANCE
SCN-00135,QUANTUM_SIGNATURE_PROBE,3250.4,FLIGHT_CONTROL,ROUTINE,1,1000.0,46.9,2,8,1,3,6,2,0.002259,2,76.68,HIGH,2,61.68,0.966,HIGH_ASSURANCE
SCN-00136,QUANTUM_SIGNATURE_PROBE,475.0,FLIGHT_CONTROL,CRITICAL,3,5000.0,13.24,1,8,2,1,4,2,0.001958,2,76.38,HIGH,2,66.68,0.858,HIGH_ASSURANCE
SCN-00137,QUANTUM_SIGNATURE_PROBE,229.54,NAVIGATION_UPDATE,ROUTINE,1,500.0,35.73,2,6,3,1,6,1,0.002541,6,71.25,HIGH,2,60.68,0.898,HIGH_ASSURANCE
SCN-00138,QUANTUM_SIGNATURE_PROBE,288.9,AIRCRAFT_STATUS,IMPORTANT,2,5000.0,6.75,1,5,1,3,6,1,0.002982,12,69.18,HIGH,2,73.76,0.903,HIGH_ASSURANCE
SCN-00139,QUANTUM_SIGNATURE_PROBE,1365.4,HEADING,CRITICAL,3,200.0,14.82,2,7,3,1,4,0,0.00239,9,69.41,HIGH,2,70.79,0.909,HIGH_ASSURANCE
SCN-00140,QUANTUM_SIGNATURE_PROBE,1607.19,ALTITUDE,CRITICAL,3,3000.0,24.04,1,5,3,1,3,2,0.001548,0,65.85,HIGH,2,61.01,0.933,HIGH_ASSURANCE
SCN-00141,CRITICAL_CHANNEL_ATTACK,2078.91,AIRCRAFT_STATUS,IMPORTANT,2,1000.0,45.73,7,12,9,9,4,0,0.005541,9,83.51,CRITICAL,3,90.83,0.931,CRITICAL
SCN-00142,CRITICAL_CHANNEL_ATTACK,3500.24,HEADING,IMPORTANT,2,1000.0,21.6,5,8,12,7,5,0,0.010124,5,89.39,CRITICAL,3,83.98,0.919,CRITICAL
SCN-00143,CRITICAL_CHANNEL_ATTACK,3293.07,NAVIGATION_UPDATE,IMPORTANT,2,2000.0,43.3,7,7,10,8,4,2,0.009209,7,84.51,CRITICAL,3,87.91,0.963,CRITICAL
SCN-00144,CRITICAL_CHANNEL_ATTACK,685.73,NAVIGATION_UPDATE,IMPORTANT,2,5000.0,35.65,5,11,9,7,4,1,0.011114,14,92.71,CRITICAL,3,79.29,0.951,CRITICAL
SCN-00145,CRITICAL_CHANNEL_ATTACK,3445.27,NAVIGATION_UPDATE,SAFETY_CRITICAL,4,5000.0,38.27,4,6,9,11,7,2,0.011386,6,87.19,CRITICAL,3,90.17,0.897,CRITICAL
SCN-00146,CRITICAL_CHANNEL_ATTACK,1921.14,ALTITUDE,CRITICAL,3,500.0,57.91,4,12,9,10,7,2,0.00625,7,88.28,CRITICAL,3,88.86,0.903,CRITICAL
SCN-00147,CRITICAL_CHANNEL_ATTACK,2668.51,HEADING,SAFETY_CRITICAL,4,500.0,24.78,7,12,7,11,6,1,0.014058,11,84.69,CRITICAL,3,78.64,0.971,CRITICAL
SCN-00148,CRITICAL_CHANNEL_ATTACK,926.38,HEADING,CRITICAL,3,5000.0,56.41,8,11,10,6,4,1,0.00653,7,87.49,CRITICAL,3,87.16,0.946,CRITICAL
SCN-00149,CRITICAL_CHANNEL_ATTACK,2944.79,NAVIGATION_UPDATE,SAFETY_CRITICAL,4,1000.0,14.25,10,10,8,6,7,1,0.006025,1,87.86,CRITICAL,3,89.75,0.86,CRITICAL
SCN-00150,CRITICAL_CHANNEL_ATTACK,2219.47,AIRCRAFT_STATUS,CRITICAL,3,3000.0,12.56,9,8,7,10,4,0,0.006406,14,85.6,CRITICAL,3,86.65,0.943,CRITICAL
SCN-00151,CRITICAL_CHANNEL_ATTACK,2902.2,NAVIGATION_UPDATE,SAFETY_CRITICAL,4,50.0,5.36,8,11,6,5,7,2,0.007022,9,80.26,CRITICAL,3,89.38,0.944,CRITICAL
SCN-00152,CRITICAL_CHANNEL_ATTACK,3564.84,AIRCRAFT_STATUS,CRITICAL,3,200.0,33.84,5,8,14,7,5,1,0.012744,2,85.6,CRITICAL,3,83.68,0.929,CRITICAL
SCN-00153,CRITICAL_CHANNEL_ATTACK,3043.19,HEADING,CRITICAL,3,200.0,40.96,10,5,7,8,6,1,0.01008,1,89.55,CRITICAL,3,87.84,0.862,CRITICAL
SCN-00154,CRITICAL_CHANNEL_ATTACK,2369.19,HEADING,IMPORTANT,2,500.0,54.21,4,8,9,11,7,1,0.006982,2,90.27,CRITICAL,3,81.93,0.926,CRITICAL
SCN-00155,CRITICAL_CHANNEL_ATTACK,2663.08,HEADING,CRITICAL,3,200.0,57.88,8,7,12,5,5,0,0.010204,12,90.16,CRITICAL,3,85.57,0.904,CRITICAL
SCN-00156,CRITICAL_CHANNEL_ATTACK,2820.77,AIRCRAFT_STATUS,IMPORTANT,2,2000.0,7.95,7,8,7,7,7,2,0.014503,12,94.53,CRITICAL,3,82.57,0.939,CRITICAL
SCN-00157,CRITICAL_CHANNEL_ATTACK,555.2,NAVIGATION_UPDATE,SAFETY_CRITICAL,4,100.0,24.57,7,11,8,10,7,2,0.008181,9,91.97,CRITICAL,3,87.98,0.861,CRITICAL
SCN-00158,CRITICAL_CHANNEL_ATTACK,1997.06,ALTITUDE,IMPORTANT,2,5000.0,22.42,4,6,6,7,6,1,0.012375,3,81.99,CRITICAL,3,80.62,0.913,CRITICAL
SCN-00159,CRITICAL_CHANNEL_ATTACK,3573.83,AIRCRAFT_STATUS,SAFETY_CRITICAL,4,50.0,9.93,8,6,11,11,6,0,0.00721,12,91.69,CRITICAL,3,88.15,0.928,CRITICAL
SCN-00160,CRITICAL_CHANNEL_ATTACK,2817.6,FLIGHT_CONTROL,CRITICAL,3,5000.0,14.33,7,7,8,7,5,1,0.009424,2,82.51,CRITICAL,3,81.86,0.892,CRITICAL
SCN-00161,LATENCY_PRESSURE_ATTACK,2894.68,HEADING,SAFETY_CRITICAL,4,100.0,44.65,5,6,7,3,2,0,0.00211,0,75.18,HIGH,2,63.32,0.937,HIGH_ASSURANCE
SCN-00162,LATENCY_PRESSURE_ATTACK,1767.63,NAVIGATION_UPDATE,SAFETY_CRITICAL,4,500.0,28.68,3,4,5,3,2,1,0.002299,12,75.5,HIGH,2,62.66,0.947,HIGH_ASSURANCE
SCN-00163,LATENCY_PRESSURE_ATTACK,1578.44,HEADING,CRITICAL,3,3000.0,20.42,5,4,3,3,3,2,0.00231,0,75.25,HIGH,2,65.39,0.949,HIGH_ASSURANCE
SCN-00164,LATENCY_PRESSURE_ATTACK,1442.9,AIRCRAFT_STATUS,SAFETY_CRITICAL,4,1000.0,42.01,3,4,4,4,3,0,0.004719,12,61.18,HIGH,2,73.85,0.917,HIGH_ASSURANCE
SCN-00165,LATENCY_PRESSURE_ATTACK,2322.11,FLIGHT_CONTROL,ROUTINE,1,500.0,48.49,4,6,7,2,1,0,0.004459,11,62.66,HIGH,2,67.8,0.929,HIGH_ASSURANCE
SCN-00166,LATENCY_PRESSURE_ATTACK,1497.51,HEADING,ROUTINE,1,5000.0,10.83,2,4,4,3,2,1,0.00326,4,65.52,HIGH,2,58.39,0.865,HIGH_ASSURANCE
SCN-00167,LATENCY_PRESSURE_ATTACK,414.31,AIRCRAFT_STATUS,IMPORTANT,2,1000.0,24.16,4,5,4,5,2,1,0.001939,14,65.1,HIGH,2,62.8,0.963,HIGH_ASSURANCE
SCN-00168,LATENCY_PRESSURE_ATTACK,2305.72,AIRCRAFT_STATUS,SAFETY_CRITICAL,4,5000.0,49.0,3,6,4,3,2,2,0.003419,14,63.71,HIGH,2,64.48,0.876,HIGH_ASSURANCE
SCN-00169,LATENCY_PRESSURE_ATTACK,2078.45,NAVIGATION_UPDATE,ROUTINE,1,500.0,45.56,3,5,7,5,2,0,0.004671,6,64.45,HIGH,2,69.26,0.961,HIGH_ASSURANCE
SCN-00170,LATENCY_PRESSURE_ATTACK,2929.46,HEADING,CRITICAL,3,1000.0,15.84,2,4,6,4,3,1,0.004251,3,65.57,HIGH,2,71.53,0.936,HIGH_ASSURANCE
SCN-00171,LATENCY_PRESSURE_ATTACK,1381.36,FLIGHT_CONTROL,SAFETY_CRITICAL,4,3000.0,9.66,3,4,3,3,2,0,0.002324,4,68.17,HIGH,2,64.69,0.869,HIGH_ASSURANCE
SCN-00172,LATENCY_PRESSURE_ATTACK,1744.59,NAVIGATION_UPDATE,CRITICAL,3,5000.0,43.14,3,6,4,5,2,0,0.002342,14,69.91,HIGH,2,71.85,0.983,HIGH_ASSURANCE
SCN-00173,LATENCY_PRESSURE_ATTACK,117.7,NAVIGATION_UPDATE,CRITICAL,3,5000.0,32.8,5,5,6,5,3,1,0.003699,2,69.05,HIGH,2,70.73,0.881,HIGH_ASSURANCE
SCN-00174,LATENCY_PRESSURE_ATTACK,1588.92,FLIGHT_CONTROL,CRITICAL,3,1000.0,14.25,5,6,6,2,3,0,0.002706,11,68.67,HIGH,2,70.11,0.956,HIGH_ASSURANCE
SCN-00175,LATENCY_PRESSURE_ATTACK,853.01,NAVIGATION_UPDATE,CRITICAL,3,200.0,45.48,3,4,3,5,2,1,0.00538,2,67.03,HIGH,2,73.9,0.959,HIGH_ASSURANCE
SCN-00176,LATENCY_PRESSURE_ATTACK,962.44,FLIGHT_CONTROL,SAFETY_CRITICAL,4,5000.0,28.55,3,3,4,2,3,1,0.003895,5,65.18,HIGH,2,69.26,0.891,HIGH_ASSURANCE
SCN-00177,LATENCY_PRESSURE_ATTACK,2078.73,ALTITUDE,IMPORTANT,2,5000.0,55.53,4,3,4,3,1,2,0.002949,7,72.18,HIGH,2,68.82,0.919,HIGH_ASSURANCE
SCN-00178,LATENCY_PRESSURE_ATTACK,2637.81,NAVIGATION_UPDATE,SAFETY_CRITICAL,4,1000.0,29.86,2,5,7,4,3,1,0.003546,15,65.24,HIGH,2,58.04,0.958,HIGH_ASSURANCE
SCN-00179,LATENCY_PRESSURE_ATTACK,1747.22,HEADING,ROUTINE,1,500.0,48.76,5,3,6,3,2,1,0.002953,9,65.4,HIGH,2,67.25,0.929,HIGH_ASSURANCE
SCN-00180,LATENCY_PRESSURE_ATTACK,2339.99,AIRCRAFT_STATUS,SAFETY_CRITICAL,4,50.0,10.48,5,2,3,3,2,1,0.001503,13,63.24,HIGH,2,69.02,0.868,HIGH_ASSURANCE
SCN-00181,COORDINATED_SYSTEM_ASSAULT,328.32,HEADING,CRITICAL,3,200.0,41.0,12,12,23,18,8,0,0.018701,9,96.71,CRITICAL,3,95.95,0.91,CRITICAL
SCN-00182,COORDINATED_SYSTEM_ASSAULT,475.83,AIRCRAFT_STATUS,CRITICAL,3,500.0,31.22,10,17,28,18,13,0,0.008218,10,97.81,CRITICAL,3,99.33,0.909,CRITICAL
SCN-00183,COORDINATED_SYSTEM_ASSAULT,2027.85,ALTITUDE,CRITICAL,3,3000.0,9.91,20,13,15,13,11,1,0.011702,4,95.7,CRITICAL,3,94.82,0.86,CRITICAL
SCN-00184,COORDINATED_SYSTEM_ASSAULT,1265.53,ALTITUDE,IMPORTANT,2,5000.0,24.32,11,14,25,17,13,0,0.010341,3,89.68,CRITICAL,3,86.79,0.952,CRITICAL
SCN-00185,COORDINATED_SYSTEM_ASSAULT,2370.26,HEADING,SAFETY_CRITICAL,4,100.0,18.63,18,12,19,16,15,2,0.027472,9,97.35,CRITICAL,3,95.01,0.969,CRITICAL
SCN-00186,COORDINATED_SYSTEM_ASSAULT,3199.41,ALTITUDE,SAFETY_CRITICAL,4,3000.0,38.38,11,22,21,18,6,0,0.021362,3,90.89,CRITICAL,3,94.25,0.86,CRITICAL
SCN-00187,COORDINATED_SYSTEM_ASSAULT,143.38,HEADING,CRITICAL,3,1000.0,12.26,17,23,23,16,8,1,0.03377,2,88.2,CRITICAL,3,85.98,0.887,CRITICAL
SCN-00188,COORDINATED_SYSTEM_ASSAULT,731.51,NAVIGATION_UPDATE,CRITICAL,3,5000.0,20.76,19,23,25,19,12,0,0.025295,4,91.33,CRITICAL,3,89.49,0.922,CRITICAL
SCN-00189,COORDINATED_SYSTEM_ASSAULT,1632.14,FLIGHT_CONTROL,CRITICAL,3,1000.0,26.49,18,12,21,19,12,2,0.033743,7,88.69,CRITICAL,3,86.25,0.911,CRITICAL
SCN-00190,COORDINATED_SYSTEM_ASSAULT,2594.76,AIRCRAFT_STATUS,IMPORTANT,2,2000.0,41.63,18,15,15,8,8,2,0.008306,15,99.44,CRITICAL,3,92.58,0.96,CRITICAL
SCN-00191,COORDINATED_SYSTEM_ASSAULT,1638.71,HEADING,CRITICAL,3,500.0,46.24,12,13,12,13,12,1,0.022144,8,96.55,CRITICAL,3,93.36,0.861,CRITICAL
SCN-00192,COORDINATED_SYSTEM_ASSAULT,3106.54,AIRCRAFT_STATUS,SAFETY_CRITICAL,4,1000.0,52.26,10,21,17,12,7,2,0.026201,3,90.74,CRITICAL,3,92.38,0.856,CRITICAL
SCN-00193,COORDINATED_SYSTEM_ASSAULT,2057.53,AIRCRAFT_STATUS,CRITICAL,3,3000.0,25.02,10,15,13,16,12,0,0.016689,13,98.99,CRITICAL,3,89.64,0.966,CRITICAL
SCN-00194,COORDINATED_SYSTEM_ASSAULT,722.42,FLIGHT_CONTROL,CRITICAL,3,200.0,14.86,20,11,24,9,13,1,0.028885,9,91.93,CRITICAL,3,93.02,0.851,CRITICAL
SCN-00195,COORDINATED_SYSTEM_ASSAULT,2496.46,HEADING,IMPORTANT,2,1000.0,30.52,17,25,18,19,14,0,0.012065,13,88.29,CRITICAL,3,92.85,0.939,CRITICAL
SCN-00196,COORDINATED_SYSTEM_ASSAULT,158.04,HEADING,CRITICAL,3,200.0,46.74,14,19,15,11,14,0,0.019335,1,99.67,CRITICAL,3,87.06,0.889,CRITICAL
SCN-00197,COORDINATED_SYSTEM_ASSAULT,3471.19,FLIGHT_CONTROL,CRITICAL,3,3000.0,43.55,13,24,14,17,7,2,0.011605,12,88.9,CRITICAL,3,93.23,0.911,CRITICAL
SCN-00198,COORDINATED_SYSTEM_ASSAULT,380.37,HEADING,CRITICAL,3,1000.0,51.8,20,22,22,13,13,1,0.014308,6,89.63,CRITICAL,3,96.17,0.865,CRITICAL
SCN-00199,COORDINATED_SYSTEM_ASSAULT,2536.94,NAVIGATION_UPDATE,SAFETY_CRITICAL,4,500.0,27.36,16,21,18,15,10,1,0.015155,3,89.09,CRITICAL,3,96.71,0.893,CRITICAL
SCN-00200,COORDINATED_SYSTEM_ASSAULT,111.9,AIRCRAFT_STATUS,IMPORTANT,2,1000.0,50.98,13,14,14,19,9,1,0.018699,1,96.13,CRITICAL,3,88.77,0.989,CRITICAL
